title,author,genre,issued_date,written_date,ocr_confidence,genre_main,genre_sub,start_date,end_date,end_century,title_prefix
ධර්ම ප්‍රදීපිකාව හෙවත් මහාබෝධිවංශ පරිකථාව,Unknown,Non-Fiction; Religious,1906,1187 - 1225,0.9682,Non-Fiction,Religious,1187.0,1225.0,13,ධර්
නිදහසේ මන්ත්‍රය,ඇස් මහින්ද හිමි,Non-Fiction; Poetry,1938,1901 - 1938,0.8997,Non-Fiction,Poetry,1901.0,1938.0,20,නිද
පැරණි ගම,ගල්පාත ඛේමානන්ද හිමි,Non-Fiction; History,1944,1944,0.9846,Non-Fiction,History,1944.0,1944.0,20,පැර
පන්සිය පනස් ජාතක පොත,Unknown,Fiction; Religious,1881,1303 - 1333,0.9987,Fiction,Religious,1303.0,1333.0,14,පන්
හිතෝපදේශ සන්නය,වැලිගම ශ්‍රී සුමංගල හිමි,Non-Fiction,1884,1825 - 1905,0.9871,Non-Fiction,,1825.0,1905.0,20,හිත
අධිමාස සංග්‍රහව,මාදම්පේ ධම්මතිලක හිමි,Non-Fiction; Religious,1903,1850 - 1903,0.9692,Non-Fiction,Religious,1850.0,1903.0,20,අධි
දුර්වාදී හෘදය විදාරණය,ශ්‍රී ධනුද්ධරාචාර්ය,Non-Fiction; Religious,1899,1854 - 1899,0.9919,Non-Fiction,Religious,1854.0,1899.0,19,දුර
වෛද්‍ය චින්තාමනි භෛෂද්‍ය සංග්‍රහව,Unknown,Non-Fiction; Medical,1909,1706 - 1739,0.9965,Non-Fiction,Medical,1706.0,1739.0,18,වෛද
ජුබිලි වර්ණනාව,ජෝන් ද සිල්වා,Fiction; Poetry,1887,1857 - 1922,0.9957,Fiction,Poetry,1857.0,1922.0,20,ජුබ
සිතියම් සහිත සද්ධර්මාලංකාරය,Unknown,Non-Fiction; Religious,1954,1398 - 1410,0.981,Non-Fiction,Religious,1398.0,1410.0,15,සිත
හංස සංදේශය,සී.ඊ. ගොඩකුඹුරේ,Fiction; Poetry,1953,1457 - 1465,0.8553,Fiction,Poetry,1457.0,1465.0,15,හංස
මහාවංස ටීකා,හික්කඩුවේ ශ්‍රී සුමංගල හිමි,Non-Fiction; History,1895,1827 - 1895,0.9978,Non-Fiction,History,1827.0,1895.0,19,මහා
ධම්පියා අටුවා ගැටපදය,ඩී.බි. ජයතිලක,Non-Fiction; Religious,1932,1868 - 1932,0.9241,Non-Fiction,Religious,1868.0,1932.0,20,ධම්
කාව්‍ය වජ්‍රායුධය - පළමු කොටස,එංගල්තිනා කුමාරි,Fiction; Poetry,1889,1825 - 1893,0.9254,Fiction,Poetry,1825.0,1893.0,19,කාව
සද්ධර්ම රත්නාවලිය - ප්‍රථම භාගය,ධර්මසේන හිමි,Non-Fiction; Religious,1930,1220 - 1293,0.9962,Non-Fiction,Religious,1220.0,1293.0,13,සද්
දළදා පූජාවලිය,Unknown,Non-Fiction; History,1893,1325 - 1333,0.9978,Non-Fiction,History,1325.0,1333.0,14,දළද
නිකාය සංග්‍රහය හෙවත් ශාසනාවතාරය,Unknown,Non-Fiction; Religious,1922,1390,0.9754,Non-Fiction,Religious,1390.0,1390.0,14,නික
සිතියම් සහිත මහියංගන වර්ණනාව,Unknown,Fiction; Poetry,1898,1878,0.9989,Fiction,Poetry,1878.0,1878.0,19,සිත
සිතියම් සහිත සියබස් මල්දම,කිරම ධම්මානන්ද හිමි,Fiction; Poetry,1894,1820,0.9256,Fiction,Poetry,1820.0,1820.0,19,සිත
විබත් මල්දම,කිරම ධම්මාරාම හිමි,Non-Fiction; Language,1906,1821,0.9986,Non-Fiction,Language,1821.0,1821.0,19,විබ
කාව්‍යශේඛරය,තොටගමුවේ රාහුල හිමි,Fiction; Poetry,1872,1408 - 1491,0.9813,Fiction,Poetry,1408.0,1491.0,15,කාව
අධිමාස දීපනය,මාදම්පේ ධම්මතිලක හිමි,Non-Fiction; Religious,1896,1850 - 1896,0.9984,Non-Fiction,Religious,1850.0,1896.0,19,අධි
දහම් සරණ,Unknown,Fiction; Religious,1931,1220 - 1293,0.9891,Fiction,Religious,1220.0,1293.0,13,දහම
සිංහල ව්‍යාකරණය එනම් සිදත් සඟරාව,හික්කඩුවේ ශ්‍රි සුමංගල හිමි,Non-Fiction; Language,1884,1827 - 1911,0.9886,Non-Fiction,Language,1827.0,1911.0,20,සිං
අ‍‍ශෝක ශිලාලිපි සහ ප්‍රතිමාකරණ විනිශ්චය,ඩී. ඊ. වික්‍රමසූරිය,Non-Fiction; History,1919,1916,0.9989,Non-Fiction,History,1916.0,1916.0,20,අ‍‍
සිතියම් සහිත සිංහල මහාවංශය,ඩි.එච්.එස් අභයරත්න,Non-Fiction; History,1922,1874,0.9549,Non-Fiction,History,1874.0,1874.0,19,සිත
අධිමාස විනිශ්චය,වැලිකන්දේ ශ්‍රී සුමංගල හිමි,Non-Fiction; Religious,1904,1850 - 1904,0.9971,Non-Fiction,Religious,1850.0,1904.0,20,අධි
මුවදෙව් දා විවරණය,මුනිදාස කුමාරතුංග,Non-Fiction; Religious,1949,1887 - 1944,0.871,Non-Fiction,Religious,1887.0,1944.0,20,මුව
සන්න සහිත සැළලිහිණි සංදේශය,Unknown,Fiction; Religious,1859,1450,0.9909,Fiction,Religious,1450.0,1450.0,15,සන්
ධර්මප්‍රදීපිකාව,ගුරුළු ගොමීන්,Non-Fiction; Religious,1951,1187 - 1225,0.9786,Non-Fiction,Religious,1187.0,1225.0,13,ධර්
බුද්ධ සික්ඛා හෙවත් කුදු සික,Unknown,Non-Fiction; Religious,1898,1270 - 1293,0.9699,Non-Fiction,Religious,1270.0,1293.0,13,බුද
මොග්ගලලායනව්‍යාකරණං,මොග්ගල්ලාන හිමි,Non-Fiction; Language,1890,1070 - 1232,0.9051,Non-Fiction,Language,1070.0,1232.0,13,මොග
අනාගතවංශය : මෙතේ බුදු සිරිත,වටද්දර මේධානන්ද හිමි; සිරි පරාකුමබාහු විල්ගම්මුල සංඝරාජ හිමි,Fiction; Religious,1934,1325 - 1333,0.9992,Fiction,Religious,1325.0,1333.0,14,අනා
සන්න සහිත අභිසම්බෝධි අලංකාරය,වැලිවිට සරණංකර සංඝරාජ හිමි,Non-Fiction; Religious,1897,1698 - 1778,0.9989,Non-Fiction,Religious,1698.0,1778.0,18,සන්
ඔකඳපොල සන්නය හෙවත් බාලාවතාර ලියන සන්න,දොන් අන්ද්‍රිස් සිල්වා,Non-Fiction; Language,1888,1760 - 1778,0.9884,Non-Fiction,Language,1760.0,1778.0,18,ඔකඳ
කුදුසික,Unknown,Non-Fiction; Poetry,1894,1270 - 1293,0.9988,Non-Fiction,Poetry,1270.0,1293.0,13,කුද
සංස්කෘත ශබ්ධමාලාව හෙවත් සංස්කෘත නාම වරනැගිල්ල,රත්මලානේ ධර්මාලෝක හිමි,Non-Fiction; Language,1876,1828 - 1887,0.9671,Non-Fiction,Language,1828.0,1887.0,19,සංස
මොග්ගල්ලාන පංචිකා ප්‍රදීපය,Unknown,Non-Fiction; Language,1896,1070 - 1232,0.9918,Non-Fiction,Language,1070.0,1232.0,13,මොග
සාරාර්ථ සංග්‍රහව : ප්‍රථම භාගය,ශ්‍රීමද් බුද්ධදාස රජතුමා,Non-Fiction; Medical,1904,398 - 426,0.9997,Non-Fiction,Medical,398.0,426.0,5,සාර
කුසජාතක විවරණය (ප්‍රථම භාගය),මුනිදාස කුමාරතුංග,Non-Fiction; Religious,1932,1887 - 1932,0.9701,Non-Fiction,Religious,1887.0,1932.0,20,කුස
ව්‍යාකරණ විවරණය හෙවත් සිංහල භාෂාවේ ව්‍යාකරණය,මුනිදාස කුමාරතුංග,Non-Fiction; Language,1937,1887 - 1937,0.9029,Non-Fiction,Language,1887.0,1937.0,20,ව්‍
පරවි සංදේශය,Unknown,Fiction; Poetry,1873,1430 - 1440,0.9902,Fiction,Poetry,1430.0,1440.0,15,පරව
ගඩලාදෙණි සන්නයයි ප්‍රසිද්ධ වූ බාලාවතාරේ පුරාණ ව්‍යාඛ්‍යානය,හික්කඩුවේ ශ්‍රි සුමංගල හිමි,Non-Fiction; Language,1877,1827 - 1911,0.9933,Non-Fiction,Language,1827.0,1911.0,20,ගඩල
මගේ මල්ලි,ජී .එච් පෙරේරා,Fiction; Poetry,1938,1886 - 1938,0.8659,Fiction,Poetry,1886.0,1938.0,20,මගේ
ලියනෝරා නාඩගම,Unknown,Fiction; Poetry,1936,1852 - 1927,0.9935,Fiction,Poetry,1852.0,1927.0,20,ලිය
නිකම් හැකියාව,මුනිදාස කුමාරතුංග,Fiction; Poetry,1941,1887 - 1941,0.8932,Fiction,Poetry,1887.0,1941.0,20,නික
